,B cells,CD4 T cells,CD8 T cells,DC,Monocytes,NK cells,Tregs,Pred B cells,Pred CD4 T cells,Pred CD8 T cells,Pred DC,Pred Monocytes,Pred NK cells,Pred Tregs
Sample_891,0.048144433299899696,0.48946840521564694,0.048144433299899696,0.3069207622868606,0.014042126379137413,0.058174523570712136,0.03510531594784353,0.05364200473736899,0.45877153422774897,0.04358472307105289,0.295494111433645,0.02312160062705792,0.051975063944976585,0.030016018588258732
Sample_695,0.009036144578313253,0.17369477911646586,0.15461847389558234,0.055220883534136546,0.2991967871485944,0.30522088353413657,0.0030120481927710845,0.012434468673454784,0.18960434826572106,0.1436777193436945,0.05465336445388952,0.3068675335241235,0.284808335466425,0.007954230272691801
Sample_799,0.5421686746987951,0.09437751004016064,0.001004016064257028,0.12751004016064257,0.09738955823293173,0.08634538152610442,0.05120481927710843,0.5081778223314573,0.06519283166584199,0.004020294122847285,0.12420613358186283,0.09254262968577583,0.08914493644772463,0.030480229541974952
Sample_148,0.011022044088176353,0.6693386773547094,0.027054108216432865,0.21743486973947895,0.0,0.047094188376753505,0.028056112224448898,0.015080838701883413,0.6496346826398117,0.023396021209824033,0.22718097141146423,0.005009133223555122,0.049199978439242224,0.025234197928942666
Sample_859,0.12663316582914572,0.04824120603015075,0.17587939698492464,0.17889447236180905,0.32864321608040203,0.12964824120603016,0.012060301507537688,0.11676343871566401,0.04825103486994824,0.18091422024068557,0.17713436880890088,0.3158232010057084,0.1408550710459036,0.009651737443480602
Sample_447,0.08926780341023069,0.08625877632898696,0.012036108324974924,0.30792377131394183,0.19558676028084251,0.29087261785356067,0.01805416248746239,0.08970309489131244,0.08201933011532977,0.010957281765308675,0.3138387024789918,0.1936545720320607,0.29498933614327333,0.01483768257372324
Sample_635,0.3336673346693387,0.23647294589178355,0.023046092184368736,0.18236472945891782,0.12625250501002003,0.08316633266533066,0.01503006012024048,0.3141617123046196,0.21682727922779255,0.02145498883379103,0.17444000894686745,0.1218035751599448,0.08973875257400402,0.018104715622965003
Sample_128,0.45536609829488467,0.0,0.007021063189568706,0.12637913741223672,0.35005015045135407,0.05315947843530592,0.00802407221664995,0.43047637411617806,0.006174522703945794,0.005408973573289356,0.1227884231751438,0.33022652126144153,0.05889372353175757,0.006615470303028015
Sample_813,0.003009027081243731,0.07723169508525576,0.399197592778335,0.4222668004012036,0.04914744232698094,0.033099297893681046,0.0160481444332999,0.004600131691259597,0.07980347787817293,0.3356798620587731,0.4074879500256594,0.05439859227553777,0.04104607893100608,0.0090431383577984
Sample_439,0.06224899598393574,0.14056224899598393,0.01706827309236948,0.07530120481927711,0.2399598393574297,0.4568273092369478,0.008032128514056224,0.0646671095019568,0.14168272763038914,0.015478410290247708,0.07055167243003072,0.2522090546234851,0.45136640349162016,0.004044622032270459
Sample_748,0.029087261785356068,0.012036108324974924,0.21263791374122368,0.3901705115346038,0.07723169508525576,0.21263791374122368,0.06619859578736209,0.03429282009218334,0.02134775247177048,0.17889339440095026,0.40929046446006423,0.08064416426424595,0.22857137211207604,0.04696003219870971
Sample_529,0.3865461847389558,0.40562248995983935,0.0,0.09036144578313253,0.09337349397590361,0.012048192771084338,0.012048192771084338,0.3785059452522307,0.39816131549889344,0.004341665883002323,0.09324680200693923,0.08780213465311815,0.01925791405057097,0.018684222655245334
Sample_559,0.13654618473895583,0.12550200803212852,0.028112449799196786,0.3463855421686747,0.11345381526104417,0.2248995983935743,0.025100401606425703,0.1464704902976141,0.10613573230819301,0.019455145034875894,0.3364880863336906,0.12001169363439113,0.23515856680784833,0.02436064338466561
Sample_593,0.2955911823647295,0.02905811623246493,0.02404809619238477,0.013026052104208416,0.5551102204408818,0.05711422845691383,0.026052104208416832,0.29228079294519205,0.039175501632691526,0.022829199799017638,0.019181357864648585,0.5459500881255192,0.05968581382884925,0.020897245804081702
Sample_500,0.38515546639919757,0.03811434302908726,0.0010030090270812437,0.2086258776328987,0.048144433299899696,0.2978936810431294,0.02106318956870612,0.3673086584280082,0.03146568687508367,0.004633132859154615,0.21731483662996556,0.047882436692631786,0.29389599595193305,0.014471243884593081
Sample_506,0.21285140562248997,0.2429718875502008,0.014056224899598393,0.3684738955823293,0.08433734939759036,0.06526104417670683,0.012048192771084338,0.19532061666913916,0.2008377112210677,0.01658074606804708,0.3790539928623658,0.07577942390763111,0.06872740382084058,0.013469163458212195
Sample_46,0.0,0.03206412825651302,0.017034068136272545,0.779559118236473,0.1092184368737475,0.05711422845691383,0.00501002004008016,0.005833715698748567,0.030354882655659374,0.0113439019199983,0.6922078680084747,0.10418842458465823,0.04915288557686747,0.012970533057790704
Sample_21,0.0,0.7224448897795591,0.006012024048096192,0.10320641282565131,0.10320641282565131,0.045090180360721446,0.02004008016032064,0.00323633942101705,0.6734017270997501,0.01082306254592008,0.10980162299234428,0.11131419717097704,0.04429548916345191,0.02466113492794859
Sample_307,0.07429718875502007,0.1636546184738956,0.01104417670682731,0.10240963855421686,0.22690763052208834,0.4026104417670683,0.019076305220883535,0.07958841840045246,0.12874089345230005,0.017477070596809283,0.12075111429297633,0.2362054392442093,0.39567080815977906,0.021039987885344166
Sample_63,0.42527582748244735,0.09428284854563691,0.01805416248746239,0.36710130391173523,0.029087261785356068,0.058174523570712136,0.00802407221664995,0.38193575197809415,0.10204410607807629,0.01949905524570559,0.37249167665752625,0.03091344733725274,0.045355001827844986,0.009275340816631594
Sample_619,0.0050150451354062184,0.2046138415245737,0.028084252758274825,0.275827482447342,0.18355065195586762,0.2978936810431294,0.0050150451354062184,0.006011899411102739,0.2144527301128632,0.02214779019249618,0.27227802796800676,0.17018542073891302,0.28661150148684755,0.01579075678876972
Sample_796,0.16666666666666666,0.0030120481927710845,0.22590361445783133,0.009036144578313253,0.013052208835341365,0.05421686746987952,0.5281124497991968,0.17563910404856947,0.05809519717515419,0.24082257286791414,0.011205671856024326,0.01700781350706899,0.07119290857156213,0.4260367319737067
Sample_106,0.019076305220883535,0.13152610441767068,0.009036144578313253,0.1355421686746988,0.006024096385542169,0.6767068273092369,0.02208835341365462,0.026782313489720575,0.11792094744022984,0.008895050607315338,0.1526752744047037,0.005330602394728936,0.6426677458240476,0.019725829856647933
Sample_871,0.012036108324974924,0.28084252758274825,0.08425275827482448,0.13239719157472418,0.3059177532597793,0.022066198595787363,0.1624874623871615,0.014722839577903775,0.29562378761676494,0.08140340113660524,0.12597180482569534,0.28175131963768696,0.022391533449324708,0.17813531375601901
Sample_349,0.1715145436308927,0.3239719157472417,0.0020060180541624875,0.0320962888665998,0.1334002006018054,0.33099297893681046,0.006018054162487462,0.1801355268172767,0.2788782182558831,0.004757464589282599,0.03253254314068346,0.13049437842589667,0.3102206778770709,0.015113672008920524
Sample_483,0.03610832497492478,0.6429287863590772,0.022066198595787363,0.11033099297893681,0.01805416248746239,0.1444332998996991,0.026078234704112337,0.036103471247312134,0.6424011569232944,0.03159152428943001,0.11334364975023781,0.01801760666420512,0.1354389589150363,0.018757446152216382
Sample_573,0.0050150451354062184,0.16850551654964896,0.0,0.3550651955867603,0.242728184553661,0.20762286860581744,0.02106318956870612,0.005314433464909389,0.17567018623032485,0.004762455690732715,0.37244842392907285,0.23951547827454886,0.18694409564385225,0.015344926766559078
Sample_396,0.13440320962888666,0.06820461384152457,0.011033099297893681,0.30190571715145437,0.4092276830491474,0.048144433299899696,0.02708124373119358,0.13200882464423083,0.06220749305575673,0.008507898085554891,0.3000874123267268,0.4279580619788457,0.0500979934602166,0.019132316448668307
Sample_198,0.22367101303911735,0.3711133400200602,0.012036108324974924,0.3630892678034102,0.0,0.025075225677031094,0.0050150451354062184,0.21156560236249508,0.36253617743196215,0.012533828774204515,0.3701884624611495,0.004618357286684983,0.027322741380816046,0.01123483030268769
Sample_797,0.0160481444332999,0.30792377131394183,0.01805416248746239,0.011033099297893681,0.2316950852557673,0.20160481444332998,0.2136409227683049,0.01839377734584935,0.32755667459643484,0.019146955770577748,0.009535864488250527,0.22257741015906068,0.19905573742939747,0.20373358021042942
Sample_181,0.001004016064257028,0.5973895582329317,0.02108433734939759,0.21485943775100402,0.0,0.15261044176706828,0.013052208835341365,0.003396821356990239,0.5575878286736896,0.020986855729709937,0.2110207142175399,0.004342690378401332,0.14007487039869027,0.015556263372734799
Sample_270,0.11947791164658635,0.06827309236947791,0.028112449799196786,0.03413654618473896,0.009036144578313253,0.7238955823293173,0.01706827309236948,0.1227446294348883,0.08258062713103585,0.04201977417195846,0.0369477949979539,0.01353251815255398,0.6767123239377884,0.025462332173821167
Sample_520,0.21485943775100402,0.09136546184738956,0.0,0.09236947791164658,0.4939759036144578,0.08634538152610442,0.02108433734939759,0.21103923210804104,0.08783710467854412,0.007100958663439812,0.08224748054583497,0.47965825705295984,0.07197346689716869,0.015717678190609218
Sample_511,0.033099297893681046,0.5697091273821464,0.014042126379137413,0.017051153460381142,0.20160481444332998,0.13941825476429287,0.025075225677031094,0.03586012521478181,0.5209396139661113,0.012731499341200667,0.019173093995790834,0.1883996690003757,0.1454558591984036,0.04892311795828924
Sample_388,0.17853560682046138,0.18355065195586762,0.004012036108324975,0.09027081243731194,0.3029087261785356,0.2156469408224674,0.025075225677031094,0.1805181839460653,0.19856491544739754,0.011784639154132921,0.08618567150389442,0.28176043659447697,0.20938099311863986,0.022479023401957128
Sample_996,0.035140562248995984,0.2520080321285141,0.06726907630522089,0.04819277108433735,0.21987951807228914,0.1757028112449799,0.20180722891566266,0.03469571460850601,0.2754615609515983,0.07095697983193347,0.04190797418127242,0.21907764799570817,0.15611901584826163,0.20178110658272005
Sample_15,0.24397590361445784,0.12248995983935743,0.0,0.0783132530120482,0.050200803212851405,0.4879518072289157,0.01706827309236948,0.2658901401020181,0.09271144221784358,0.0038485785137329803,0.0766554850485624,0.048541633046812284,0.49506471748609215,0.017288003584938403
Sample_842,0.020060180541624874,0.07923771313941826,0.119358074222668,0.28084252758274825,0.12437311935807423,0.1334002006018054,0.242728184553661,0.02901783098792437,0.06166894615316838,0.11707320203615236,0.2714623984418024,0.130756564480755,0.13327374284133653,0.2324213394283219
Sample_485,0.16549648946840523,0.26278836509528586,0.029087261785356068,0.19157472417251756,0.20962888665997995,0.12637913741223672,0.015045135406218655,0.19148779991475132,0.2323739790437269,0.026591684330470718,0.1921736970250025,0.20518815540774032,0.12741722266356853,0.008830313756266923
Sample_608,0.13627254509018036,0.35671342685370744,0.02905811623246493,0.06913827655310621,0.3627254509018036,0.02905811623246493,0.017034068136272545,0.13869604625042445,0.3664127091754041,0.021936036637800176,0.06677147974769751,0.34828158341808824,0.038835943774478805,0.01906620099610684
Sample_312,0.13253012048192772,0.15261044176706828,0.010040160642570281,0.029116465863453816,0.22088353413654618,0.4347389558232932,0.020080321285140562,0.14034329203713858,0.13413568676658455,0.009636469540706061,0.033093073426924254,0.2328460512463848,0.41315461698840544,0.020331319773644083
Sample_121,0.09036144578313253,0.6054216867469879,0.01606425702811245,0.0,0.1757028112449799,0.10140562248995984,0.01104417670682731,0.09281401205675789,0.6205058618544134,0.01050904797198949,0.003556745855723778,0.15391625724033775,0.10562721164711687,0.013070863373660717
Sample_558,0.11847389558232932,0.035140562248995984,0.01606425702811245,0.06526104417670683,0.010040160642570281,0.7309236947791165,0.024096385542168676,0.12874945160837925,0.043711810081901475,0.013064025068815483,0.06381485762894758,0.013252750893416794,0.7024382838598733,0.021011802524708113
Sample_850,0.02610441767068273,0.06224899598393574,0.03714859437751004,0.37349397590361444,0.07931726907630522,0.17771084337349397,0.24397590361445784,0.02385578248352552,0.0343404821531582,0.036627709549983546,0.3675226173430686,0.09231049337763261,0.1944676506176572,0.2508752644749744
Sample_887,0.14142427281845538,0.033099297893681046,0.0050150451354062184,0.34002006018054165,0.19759277833500502,0.23771313941825475,0.04513540621865597,0.13335390775211414,0.03861757493920719,0.005655899016981411,0.3298552309984791,0.2097528539214991,0.23408076327738883,0.04725332651978875
Sample_267,0.09829488465396188,0.0050150451354062184,0.020060180541624874,0.23771313941825475,0.07723169508525576,0.5416248746238717,0.020060180541624874,0.09701299950111357,0.02730942963484811,0.025019977873406398,0.2410679842765455,0.08179082723402861,0.499127548145395,0.023780734751968152
Sample_798,0.08425275827482448,0.25175526579739216,0.16950852557673018,0.1464393179538616,0.1444332998996991,0.013039117352056168,0.1905717151454363,0.07824601111282563,0.29045854649580644,0.183040728493304,0.14143780842105882,0.12852897235315175,0.01105201505763934,0.16723591806621385
Sample_329,0.11133400200601805,0.07422266800401203,0.003009027081243731,0.4062186559679037,0.062186559679037114,0.31795386158475425,0.025075225677031094,0.10475597184903909,0.07705045092039312,0.004399157399461831,0.40735633021151557,0.069639552567392,0.29370322782588826,0.026410724682507988
Sample_604,0.17853560682046138,0.017051153460381142,0.024072216649949848,0.08826479438314945,0.6449348044132397,0.023069207622868605,0.024072216649949848,0.18011816785500376,0.010820633070079792,0.018927665345733306,0.09756800841759443,0.6257778057679253,0.033781450482244596,0.012746979162172814
Sample_496,0.07236180904522613,0.17386934673366833,0.01507537688442211,0.1507537688442211,0.009045226130653266,0.5768844221105528,0.0020100502512562816,0.07894015023344976,0.17406365385451042,0.01270383129479307,0.14622465626225795,0.013063004244985705,0.5390515409149514,0.015020722661925168
Sample_865,0.17935871743486975,0.3687374749498998,0.06513026052104208,0.036072144288577156,0.20340681362725452,0.14428857715430862,0.003006012024048096,0.172136032679718,0.36461938610750005,0.057516810280121754,0.04003783590736119,0.20143195125752064,0.15110643007400737,0.013151553693770919
Sample_392,0.10542168674698796,0.2720883534136546,0.012048192771084338,0.178714859437751,0.17771084337349397,0.2520080321285141,0.002008032128514056,0.10340063031297313,0.24609281217252033,0.015007615120564302,0.1769152823089245,0.17733657787286422,0.25050299051225094,0.006272644011224526
Sample_816,0.03811434302908726,0.19759277833500502,0.10130391173520562,0.10330992978936811,0.10832497492477432,0.006018054162487462,0.4453360080240722,0.03608304123456516,0.23217211090445372,0.11586603617876423,0.09759309012590708,0.09822007317330858,0.008457712917934504,0.41160793546506685
Sample_59,0.0,0.42685370741482964,0.028056112224448898,0.28557114228456915,0.01503006012024048,0.22945891783567135,0.01503006012024048,0.003211401287061381,0.4362240062569302,0.026248088618283014,0.2686257167316773,0.018302795639053376,0.22508075991242407,0.022307231554570713
Sample_144,0.10552763819095477,0.32864321608040203,0.024120603015075376,0.05628140703517588,0.2522613065326633,0.22914572864321608,0.004020100502512563,0.09473635496528747,0.3531240210109388,0.01788494736074481,0.057261287149651514,0.24310799459595045,0.2242025523431933,0.009682842574233722
Sample_201,0.2891566265060241,0.05321285140562249,0.009036144578313253,0.26907630522088355,0.10843373493975904,0.2580321285140562,0.013052208835341365,0.29707170250887,0.05498460641915974,0.01605270853157587,0.25582965302945454,0.10658834625070918,0.25392275011959836,0.015550233140632353
Sample_645,0.023092369477911646,0.2931726907630522,0.0,0.06726907630522089,0.0,0.6054216867469879,0.01104417670682731,0.0282184711502379,0.2931317824723443,0.007078246408628318,0.06774619281234127,0.004818214606258873,0.5726985165253097,0.014858213912251835
Sample_515,0.2469879518072289,0.10642570281124498,0.02108433734939759,0.09839357429718876,0.33232931726907633,0.16666666666666666,0.028112449799196786,0.2542012522071783,0.10199241848663128,0.021156505256487757,0.09103052354402053,0.3170173625310025,0.17048426374997228,0.02390050222553295
Sample_404,0.1464393179538616,0.1765295887662989,0.00802407221664995,0.01905717151454363,0.09027081243731194,0.5416248746238717,0.01805416248746239,0.1443466520577068,0.1482463306056804,0.013435062522585795,0.019808730164136104,0.08745111764739141,0.5389666172118823,0.014342813125259018
Sample_33,0.0,0.3096192384769539,0.02905811623246493,0.22244488977955912,0.09118236472945891,0.3456913827655311,0.002004008016032064,0.003435668235898679,0.2779784074721363,0.02664155497274976,0.22375946669787286,0.08318673700775955,0.3430620707345795,0.012616537314845909
Sample_896,0.0642570281124498,0.35843373493975905,0.39056224899598396,0.06526104417670683,0.0893574297188755,0.004016064257028112,0.028112449799196786,0.05536970148268082,0.40431152350742067,0.357036312490952,0.06767558640603036,0.08114691212475378,0.005973036900492395,0.028486927087670016
Sample_524,0.6495983935742972,0.13052208835341367,0.014056224899598393,0.09839357429718876,0.04216867469879518,0.06526104417670683,0.0,0.6366235172667147,0.12772915720772596,0.014399871439695264,0.10982178947431152,0.03765420319090669,0.05919953701951374,0.004258905590467179
Sample_317,0.3971915747241725,0.2156469408224674,0.017051153460381142,0.03811434302908726,0.2728184553660983,0.05616850551654965,0.003009027081243731,0.3810832082592812,0.19451255592603195,0.019151689483102207,0.03635546755451643,0.28847155368708033,0.05164534808179541,0.01309326422610579
Sample_492,0.22768304914744233,0.05416248746238716,0.006018054162487462,0.026078234704112337,0.14744232698094284,0.5135406218655968,0.025075225677031094,0.24299256334719338,0.03957676284749877,0.011512343854531024,0.028205566634510022,0.14754096132145708,0.5093578971489915,0.020813904845818312
Sample_528,0.3630892678034102,0.119358074222668,0.02106318956870612,0.20762286860581744,0.03610832497492478,0.23671013039117353,0.0160481444332999,0.35592217468966786,0.11827176455103056,0.02216671871052958,0.1901319504490383,0.04158473451987323,0.2576509564343523,0.014271700645508189
Sample_215,0.1144578313253012,0.16265060240963855,0.015060240963855422,0.428714859437751,0.1536144578313253,0.10642570281124498,0.019076305220883535,0.11419969003014234,0.13524206205166156,0.01652623421018721,0.42022716708859714,0.15437908781267393,0.10813562397833049,0.024159734296006825
Sample_727,0.2567703109327984,0.05717151454363089,0.07422266800401203,0.0802407221664995,0.3901705115346038,0.07823470411233702,0.06318956870611836,0.2614187040974417,0.07227426179159756,0.06057390931431207,0.07059375118243262,0.3792517949531774,0.08893013693495463,0.06695744172608398
Sample_530,0.0802407221664995,0.06118355065195587,0.015045135406218655,0.7141424272818455,0.05917753259779338,0.07021063189568706,0.0,0.08363214251984398,0.05469794211264629,0.010850798726525591,0.6644166057034696,0.05366104606154703,0.05635885031186237,0.010311367925786132
Sample_974,0.3493975903614458,0.009036144578313253,0.13654618473895583,0.1686746987951807,0.0893574297188755,0.08835341365461848,0.15863453815261044,0.3488171823874375,0.028302216751318526,0.12013441364969786,0.1673899988136597,0.08880970561039775,0.0943928858419184,0.15215359694557037
Sample_271,0.05120481927710843,0.3373493975903614,0.020080321285140562,0.08734939759036145,0.4086345381526104,0.09538152610441768,0.0,0.04927612824660802,0.3267381791095794,0.022987454597498066,0.0813563082554633,0.4212245275085109,0.09112895449363036,0.007288447788709962
Sample_713,0.006024096385542169,0.09136546184738956,0.045180722891566265,0.06927710843373494,0.35943775100401604,0.11044176706827309,0.31827309236947793,0.011486007877613256,0.0667023189610734,0.042493015477045044,0.07240103613230077,0.36740710516213076,0.1223734015939143,0.31713711479592244
Sample_819,0.25100401606425704,0.1606425702811245,0.002008032128514056,0.009036144578313253,0.36244979919678716,0.20783132530120482,0.007028112449799197,0.23144364070712498,0.1261647558674128,0.0042119186100505026,0.010400748957029103,0.35978145296435915,0.18273543635009276,0.010247259066417151
Sample_653,0.3891675025075226,0.05215646940822467,0.0160481444332999,0.0010030090270812437,0.20561685055165496,0.2477432296890672,0.08826479438314945,0.40610652397920144,0.04583345436925132,0.015965104488021117,0.0031287047129027606,0.19863818963987892,0.23857695429546352,0.0917510685152809
Sample_663,0.16884422110552763,0.04623115577889447,0.2733668341708543,0.09949748743718594,0.04824120603015075,0.3437185929648241,0.020100502512562814,0.15337154396562191,0.042264184309305564,0.25521876227783796,0.10566647427542239,0.04405493722966386,0.3699562228709349,0.027051324131130507
Sample_522,0.3901705115346038,0.0641925777331996,0.014042126379137413,0.08525576730190572,0.2136409227683049,0.20762286860581744,0.025075225677031094,0.3887873172051974,0.07712917686962245,0.013540152059210261,0.07857479373440998,0.2001853881559144,0.180036847665944,0.022148599737739492
Sample_490,0.17971887550200802,0.03413654618473896,0.02710843373493976,0.19377510040160642,0.48293172690763053,0.06626506024096386,0.01606425702811245,0.1919897862504759,0.02799054204421828,0.019008465002761304,0.18492272683707037,0.46585383159501764,0.059867893245541565,0.013038152439133506
Sample_712,0.019076305220883535,0.03313253012048193,0.28413654618473894,0.01706827309236948,0.5572289156626506,0.04417670682730924,0.045180722891566265,0.019950600364309918,0.06781640146887379,0.25599799492020286,0.018465701509232144,0.5417904732637897,0.046659909396589226,0.049318919077002414
Sample_347,0.0391566265060241,0.09839357429718876,0.015060240963855422,0.4106425702811245,0.15863453815261044,0.2781124497991968,0.0,0.03827443042347997,0.08050985661856891,0.024247763857780623,0.42378149673106746,0.1510196728771688,0.27584035403236196,0.006326425459572405
Sample_945,0.16265060240963855,0.015060240963855422,0.21586345381526104,0.18072289156626506,0.13152610441767068,0.1686746987951807,0.12550200803212852,0.16229956892479366,0.0317125728032094,0.20531394069053685,0.17857444446961743,0.1352833404539239,0.16526690841917546,0.1215492242387433
Sample_60,0.0,0.26479438314944836,0.012036108324974924,0.5305917753259779,0.09528585757271815,0.07823470411233702,0.01905717151454363,0.003760402538231568,0.24959841788799975,0.014820448528675067,0.507869968531831,0.0981872550273763,0.06094861270276589,0.011684647910750016
Sample_14,0.034102306920762285,0.17051153460381144,0.013039117352056168,0.10832497492477432,0.16850551654964896,0.48244734202607825,0.023069207622868605,0.04235518271436846,0.17516984620227855,0.016281791011124175,0.10496151069118108,0.1730760528443671,0.4641786621984365,0.023976954338244115
Sample_961,0.13969849246231156,0.07135678391959799,0.18693467336683417,0.009045226130653266,0.024120603015075376,0.3849246231155779,0.18391959798994975,0.1416019605802728,0.06526747308920487,0.22720060348962695,0.01282843352244359,0.02353707068788166,0.3767572364921559,0.15280722213841424
Sample_212,0.18775100401606426,0.20682730923694778,0.023092369477911646,0.35642570281124497,0.0893574297188755,0.1355421686746988,0.001004016064257028,0.1793056790585158,0.22015809409475504,0.02076262766289721,0.3563568254337573,0.08336157094267185,0.12322835748597956,0.00852009313965442
Sample_465,0.09829488465396188,0.13941825476429287,0.014042126379137413,0.11735205616850551,0.5576730190571715,0.0712136409227683,0.0020060180541624875,0.10582737332185638,0.12347524445293422,0.01285604111738985,0.1176644879615711,0.5502876923413629,0.0675259398822021,0.004504122600709149
Sample_991,0.4879518072289157,0.018072289156626505,0.0391566265060241,0.2971887550200803,0.02108433734939759,0.0,0.13654618473895583,0.4592678344878535,0.035176945703555,0.03526775108159207,0.3043182156611156,0.02095729045135896,0.006983853855596426,0.13802810875892838
Sample_454,0.06927710843373494,0.4206827309236948,0.029116465863453816,0.24799196787148595,0.17670682730923695,0.055220883534136546,0.001004016064257028,0.06547808934772585,0.3661155502709687,0.019616088123425326,0.2378688646301935,0.17195337506357533,0.0536138718392413,0.007400215192238088
Sample_908,0.19257773319959878,0.10732196589769308,0.19658976930792377,0.15546639919759278,0.048144433299899696,0.15446339017051153,0.14543630892678033,0.20564912102151556,0.087273081571421,0.1831741322326072,0.14755888452188082,0.041454411061263276,0.15059862526692974,0.14695408416061484
Sample_959,0.031093279839518557,0.14744232698094284,0.06519558676028084,0.09027081243731194,0.600802407221665,0.034102306920762285,0.031093279839518557,0.03467319743179796,0.16321413321908124,0.06934507248763105,0.08415000400802483,0.5794849956951805,0.03630124465433565,0.032831352503948884
Sample_122,0.1623246492985972,0.0,0.004008016032064128,0.45791583166332667,0.2715430861723447,0.09919839679358718,0.00501002004008016,0.1777005493972538,0.01065529618570984,0.00587735965241298,0.44717300010191036,0.2512649178695737,0.08417335339763092,0.00718163063683422
Sample_120,0.28714859437751006,0.0,0.02108433734939759,0.04919678714859438,0.28012048192771083,0.35943775100401604,0.0030120481927710845,0.2769318166380306,0.005424582837823253,0.016893783970802517,0.04978519576659772,0.2762091129930943,0.3584886164500169,0.01626689134363465
Sample_875,0.02106318956870612,0.08926780341023069,0.01805416248746239,0.1715145436308927,0.33099297893681046,0.11334002006018054,0.25576730190571717,0.021126934257386543,0.08779221872869658,0.01853166868836934,0.17121370958285836,0.3437125144225233,0.11968670319756362,0.22518066193792943
Sample_107,0.14142427281845538,0.17853560682046138,0.017051153460381142,0.2246740220661986,0.0,0.4272818455366098,0.011033099297893681,0.1547658369122399,0.1791883154574243,0.01842007515370098,0.21282761301889236,0.003096577457520843,0.4183948381956579,0.013038472772300743
Sample_321,0.13139418254764293,0.07021063189568706,0.020060180541624874,0.5486459378134403,0.18756268806419257,0.03811434302908726,0.004012036108324975,0.12525975403734035,0.06474739334441085,0.010565041963607193,0.519675888055469,0.18785200858310322,0.034136736055036414,0.00600599209589981
Sample_508,0.08826479438314945,0.09127382146439318,0.007021063189568706,0.20661985957873621,0.17953861584754263,0.40521564694082246,0.022066198595787363,0.08627605731028998,0.09159448939037619,0.008003769921351059,0.20569458546250366,0.17707174828761924,0.3926507596548483,0.023618371972890916
Sample_176,0.2547642928786359,0.0,0.00802407221664995,0.5837512537612839,0.06118355065195587,0.07221664994984955,0.020060180541624874,0.24183331683014986,0.016121508059779636,0.00979431846409665,0.5810395340728748,0.06761741387613006,0.0705235403593225,0.013070368337646519
Sample_183,0.6154618473895582,0.1676706827309237,0.020080321285140562,0.11144578313253012,0.0321285140562249,0.03313253012048193,0.020080321285140562,0.6021255266517619,0.15187289900397105,0.022468283524659818,0.10612455492427679,0.03204955441416359,0.03242745018216952,0.01056028373838586
Sample_441,0.2587763289869609,0.15045135406218657,0.023069207622868605,0.119358074222668,0.23069207622868607,0.20762286860581744,0.010030090270812437,0.2454247225703217,0.14523179581935033,0.019281577125039504,0.12668455571955364,0.22332075739998666,0.19436945429354816,0.013554512430709029
Sample_357,0.24072216649949849,0.09729187562688064,0.010030090270812437,0.017051153460381142,0.4573721163490471,0.1624874623871615,0.015045135406218655,0.23454574304412942,0.08250424449289748,0.008407692973334397,0.021383263028824036,0.4253743667610733,0.1596558923918667,0.008626825212981203
Sample_318,0.3132530120481928,0.2710843373493976,0.025100401606425703,0.2620481927710843,0.03413654618473896,0.07228915662650602,0.02208835341365462,0.3181967536712259,0.2401940676123483,0.017757372099990558,0.26187699975335227,0.030472444028254466,0.08094070104287218,0.027220153467663998
Sample_562,0.06820461384152457,0.11133400200601805,0.003009027081243731,0.6509528585757272,0.1374122367101304,0.011033099297893681,0.01805416248746239,0.06644966241428794,0.10371706287022621,0.006666615078246721,0.6266663674768095,0.13189344927788108,0.021822360494644366,0.02130519200655409
Sample_19,0.46038114343029085,0.007021063189568706,0.020060180541624874,0.0,0.41323971915747243,0.08625877632898696,0.013039117352056168,0.4699430607642836,0.0064678521791042805,0.020920826589531295,0.0035535919816654855,0.40868991278458194,0.08229093525791624,0.008133820442917368
Sample_190,0.062186559679037114,0.14042126379137412,0.024072216649949848,0.5887662988966901,0.0,0.1675025075225677,0.017051153460381142,0.06507044644638443,0.12259487746483826,0.021419836864024655,0.5862100406874057,0.006151522512754189,0.1649156310643863,0.013675485606787111
Sample_445,0.26178535606820463,0.13139418254764293,0.01805416248746239,0.1675025075225677,0.38214643931795383,0.022066198595787363,0.017051153460381142,0.2588496315924096,0.13809071940986078,0.024390016535076865,0.15804751233053138,0.3753069867037832,0.018527788925291902,0.01627717438206766
Sample_625,0.07730923694779117,0.4608433734939759,0.01706827309236948,0.10441767068273092,0.2781124497991968,0.03413654618473896,0.028112449799196786,0.07081338811752358,0.42467225717268264,0.01703892653986201,0.10171928077903868,0.28189331980187443,0.03597909615123102,0.023125735221117185
Sample_587,0.05220883534136546,0.3855421686746988,0.028112449799196786,0.15261044176706828,0.2389558232931727,0.1355421686746988,0.007028112449799197,0.05678509548071706,0.35745151855689256,0.025659358006560686,0.15266723923421954,0.24100863964878916,0.1418445626690582,0.01794059450737179
Sample_196,0.005025125628140704,0.20804020100502513,0.010050251256281407,0.5045226130653266,0.18592964824120603,0.05829145728643216,0.02814070351758794,0.005915940456569345,0.2140289404695593,0.0070731558168073356,0.46934021216449917,0.17484647856603427,0.057371088644595454,0.018923333814759073
Sample_335,0.44477911646586343,0.16164658634538154,0.024096385542168676,0.05622489959839357,0.26907630522088355,0.04216867469879518,0.002008032128514056,0.43281939155156984,0.14681834726091025,0.024837735036594352,0.051116083155078366,0.27201382828886145,0.04510427648858883,0.012453647191445988
Sample_833,0.11746987951807229,0.05321285140562249,0.4779116465863454,0.11244979919678715,0.040160642570281124,0.11044176706827309,0.08835341365461848,0.11392897838243021,0.08891868604499904,0.44172042899910186,0.10476797329755957,0.05006868703903223,0.1310807108572329,0.06951453537964415
Sample_2,0.2597793380140421,0.6710130391173521,0.028084252758274825,0.0,0.009027081243731194,0.006018054162487462,0.026078234704112337,0.2539840371865072,0.6256092799666132,0.022509333976844056,0.0038532820039412683,0.009597521014651252,0.00886525535151055,0.026126731617272653
Sample_703,0.5763052208835341,0.1285140562248996,0.025100401606425703,0.05823293172690763,0.142570281124498,0.03112449799196787,0.03815261044176707,0.5660765683203791,0.15617664595365807,0.020594293716969924,0.05467283750686814,0.1396134537760095,0.042776271372219,0.020089929353896314
Sample_576,0.13440320962888666,0.009027081243731194,0.009027081243731194,0.026078234704112337,0.6449348044132397,0.14844533600802406,0.028084252758274825,0.143329632122695,0.016075643871185655,0.007255516908054228,0.029281065391186176,0.6340164437469092,0.15197291859740358,0.018068779362566182
Sample_203,0.10943775100401607,0.571285140562249,0.0,0.02208835341365462,0.020080321285140562,0.27710843373493976,0.0,0.11144095324143694,0.5223066481222022,0.00597988054319946,0.02316329396449098,0.022619571635173048,0.27686338380081466,0.006885095570147629
Sample_899,0.06432160804020101,0.18592964824120603,0.05628140703517588,0.10452261306532663,0.0371859296482412,0.09949748743718594,0.45226130653266333,0.0684547315317087,0.2180848141788384,0.06409602062491233,0.09965599313810848,0.036853343457498244,0.10078268411416963,0.4120724129547641
Sample_866,0.055220883534136546,0.1817269076305221,0.04819277108433735,0.501004016064257,0.001004016064257028,0.14056224899598393,0.07228915662650602,0.05974793361564904,0.19692323852987426,0.04477794236342619,0.464618317400291,0.005306721562359032,0.12333072386263819,0.10529512266576219
Sample_344,0.029116465863453816,0.8544176706827309,0.01606425702811245,0.01104417670682731,0.07228915662650602,0.01706827309236948,0.0,0.03172525674228603,0.7266195544703964,0.020221149587990126,0.011741877388856013,0.07503974508839673,0.021057340345942737,0.023908727473820182
Sample_689,0.192964824120603,0.36482412060301506,0.08844221105527639,0.1678391959798995,0.05527638190954774,0.031155778894472363,0.09949748743718594,0.1897721300064683,0.3552051659122357,0.09590897529022324,0.15710297743177926,0.054995048072224245,0.03398249231459015,0.11303321097247904
Sample_429,0.30892678034102306,0.2046138415245737,0.00802407221664995,0.29989969909729186,0.14142427281845538,0.010030090270812437,0.02708124373119358,0.27471121584966535,0.1859604308890047,0.00692905207461057,0.31358836390444533,0.14444929045456006,0.00838550070833488,0.02043517263357261
Sample_462,0.1743486973947896,0.19739478957915832,0.023046092184368736,0.23947895791583165,0.17234468937875752,0.19238476953907815,0.001002004008016032,0.17065870939472805,0.18925301592546315,0.023554079682674894,0.24744201866775012,0.16187587222976918,0.19482429487273142,0.012392009226883353
Sample_534,0.08224674022066199,0.0732196589769308,0.00802407221664995,0.10732196589769308,0.6308926780341023,0.07021063189568706,0.028084252758274825,0.08450389846972045,0.07077441297755699,0.00735106140667156,0.10236104825577272,0.6110427164571774,0.05724350845467066,0.02801922931435605
Sample_110,0.6867469879518072,0.0,0.0050200803212851405,0.019076305220883535,0.14558232931726908,0.12048192771084337,0.023092369477911646,0.6751155547316308,0.004602952162452495,0.009968196533695713,0.018966583177091944,0.14546238971876796,0.12335015334491954,0.022534170331441592
Sample_57,0.013026052104208416,0.156312625250501,0.026052104208416832,0.3837675350701403,0.1743486973947896,0.22945891783567135,0.017034068136272545,0.01790774495385802,0.15015896510462434,0.020287787882876794,0.4128122460455232,0.15326090325502673,0.20983570575686233,0.019286750633451623
Sample_678,0.04522613065326633,0.06030150753768844,0.39597989949748746,0.02613065326633166,0.06934673366834171,0.1628140703517588,0.24020100502512562,0.03949808427928526,0.07275602419839242,0.3734556949300852,0.025793439593995316,0.067038165100141,0.18027997842642546,0.24117861347167546
Sample_251,0.24096385542168675,0.04819277108433735,0.025100401606425703,0.18473895582329317,0.28413654618473894,0.1897590361445783,0.02710843373493976,0.222229962033578,0.07593593888586726,0.02249123566123156,0.19678211259551837,0.2817157218380304,0.18101400129608897,0.019831027689685456
Sample_732,0.22991967871485944,0.055220883534136546,0.012048192771084338,0.392570281124498,0.014056224899598393,0.09738955823293173,0.19879518072289157,0.22444605240325163,0.05680408369802897,0.022944191496944998,0.39060208402351915,0.012565959977540484,0.1011164650855697,0.191521163315145
Sample_814,0.0,0.18592964824120603,0.16482412060301507,0.12060301507537688,0.39597989949748746,0.027135678391959798,0.10552763819095477,0.0034868016523113615,0.16686183131496152,0.15457043724485578,0.12616268699019792,0.3815945107919038,0.023495982640621083,0.14324885720521124
Sample_884,0.08040201005025126,0.14371859296482412,0.22110552763819097,0.12361809045226131,0.016080402010050253,0.15175879396984926,0.2633165829145729,0.07790951109715814,0.18773329960292795,0.19446310013681625,0.11797494302388226,0.02195971723107101,0.15589276982139638,0.24406665908674788
Sample_543,0.19678714859437751,0.13453815261044177,0.010040160642570281,0.20582329317269077,0.10341365461847389,0.33433734939759036,0.015060240963855422,0.19186565914701093,0.14919565943531965,0.014635303768698026,0.1967722801200042,0.10228678836839217,0.32904519140187843,0.016199117758696528
Sample_944,0.1905717151454363,0.06619859578736209,0.1534603811434303,0.24373119358074222,0.3119358074222668,0.031093279839518557,0.003009027081243731,0.18077850670783446,0.04751949998670358,0.13616236228347214,0.24699875637066263,0.2989355739589397,0.03835178130663932,0.004698767023760264
Sample_823,0.052104208416833664,0.12024048096192384,0.00501002004008016,0.156312625250501,0.06513026052104208,0.2374749498997996,0.3637274549098196,0.053776788317467974,0.13447168272730073,0.013095099135265712,0.15431609772328808,0.06039721093297994,0.24612925399977273,0.3378138671639247
Sample_554,0.08324974924774323,0.03009027081243731,0.010030090270812437,0.08525576730190572,0.16850551654964896,0.6108324974924775,0.012036108324974924,0.08031191160069705,0.03583456826169204,0.01106278464210327,0.07923024919599546,0.18650959136851983,0.5956445238123481,0.011406371118644051
Sample_95,0.0,0.22567703109327983,0.022066198595787363,0.20962888665997995,0.4292878635907723,0.08525576730190572,0.028084252758274825,0.003980236720474083,0.22982096830460286,0.02455604217972989,0.2142533826802177,0.4196772362713434,0.08786366759467684,0.019848466248955192
Sample_501,0.10742971887550201,0.3463855421686747,0.015060240963855422,0.015060240963855422,0.25903614457831325,0.23092369477911648,0.02610441767068273,0.09862932691784679,0.349745288694268,0.009733092767649113,0.017119962576656097,0.2608661099651782,0.2255450695775586,0.03836114950084315
Sample_984,0.04012036108324975,0.6940822467402207,0.011033099297893681,0.017051153460381142,0.004012036108324975,0.1534603811434303,0.0802407221664995,0.041559250113504455,0.6604475068087301,0.016093468407198348,0.02100494101217001,0.00397584563417271,0.15871539552073316,0.09820359250349123
Sample_547,0.1534603811434303,0.08324974924774323,0.01805416248746239,0.16349047141424272,0.45135406218655966,0.10130391173520562,0.029087261785356068,0.16506141959172355,0.07242317385051748,0.017757881640471675,0.1537961047513866,0.4545900909120702,0.10962083428480361,0.018044964788476604
Sample_214,0.3293172690763052,0.25,0.007028112449799197,0.1285140562248996,0.18373493975903615,0.0823293172690763,0.019076305220883535,0.3205524182721588,0.2670106296027357,0.012323431530893577,0.13278626922550857,0.17102381876973274,0.07381751687367484,0.019332917132080723
Sample_91,0.062186559679037114,0.010030090270812437,0.0160481444332999,0.5025075225677031,0.04312938816449348,0.34804413239719156,0.01805416248746239,0.06291952596255669,0.01829070226068782,0.008264358292140658,0.5553772948514583,0.037330821163751755,0.2986604434367618,0.01915685403264299
Sample_293,0.23570712136409228,0.18655967903711135,0.022066198595787363,0.09327983951855567,0.023069207622868605,0.41223671013039115,0.02708124373119358,0.22429858825601717,0.21305708747278734,0.020096730299102857,0.08171488379808094,0.030764704767670174,0.4136779033585972,0.01639010204774435
Sample_453,0.09738955823293173,0.06325301204819277,0.02610441767068273,0.0050200803212851405,0.37248995983935745,0.4327309236947791,0.0030120481927710845,0.1141624931262303,0.05623938688962329,0.021796690491361206,0.00713851753374921,0.362788309652216,0.4181120732089832,0.00493642779905851
Sample_284,0.3891675025075226,0.09127382146439318,0.0050150451354062184,0.23470411233701102,0.1464393179538616,0.13239719157472418,0.0010030090270812437,0.38033106263457256,0.10132410794639905,0.004793009288476486,0.23925226653442708,0.13695582050066665,0.1302145986078844,0.007129134487573855
Sample_597,0.16148445336008024,0.1464393179538616,0.0,0.031093279839518557,0.22567703109327983,0.4272818455366098,0.00802407221664995,0.1601939447861467,0.13175950172212364,0.002437180420718105,0.030397967087370394,0.24188069280406937,0.4193027726109629,0.012742128794520581
Sample_802,0.020060180541624874,0.029087261785356068,0.033099297893681046,0.07723169508525576,0.21063189568706117,0.40421263791374124,0.22567703109327983,0.019002718847778596,0.040993429101966676,0.030619502507288406,0.07229133808404516,0.20827812377796878,0.40708876895787766,0.2217261187230748
Sample_473,0.12738214643931794,0.27382146439317956,0.006018054162487462,0.07923771313941826,0.3630892678034102,0.12637913741223672,0.024072216649949848,0.13986579248680941,0.30173016766655614,0.004963250795738075,0.0858568374535014,0.33356368717221363,0.11843408181256906,0.015586182612612314
Sample_422,0.07021063189568706,0.22768304914744233,0.011033099297893681,0.15045135406218657,0.1354062186559679,0.39317953861584753,0.012036108324974924,0.07626741278774464,0.25597022495253396,0.010310755351572633,0.15489018213639835,0.12665761870340875,0.3706207151910912,0.005283090877250573
Sample_605,0.3630892678034102,0.13039117352056168,0.01805416248746239,0.0010030090270812437,0.07622868605817452,0.4102306920762287,0.0010030090270812437,0.35137381728181916,0.1349974548065612,0.019200322495392285,0.0027432611474519464,0.08173851019907404,0.40220894135372065,0.00773769271598089
Sample_446,0.0,0.29819277108433734,0.02610441767068273,0.13654618473895583,0.015060240963855422,0.5100401606425703,0.014056224899598393,0.0028145810039353135,0.27929538330631287,0.024487737643966268,0.13625914695568314,0.016431922362577275,0.5261464804549776,0.01359888207671385
Sample_972,0.008032128514056224,0.04116465863453815,0.020080321285140562,0.22791164658634538,0.2248995983935743,0.21485943775100402,0.26305220883534136,0.007118101265371141,0.04896114208275116,0.01767498181098907,0.22004139666261727,0.23154778104763582,0.21139361555696204,0.2632629815736735
Sample_731,0.20661985957873621,0.2337011033099298,0.17753259779338015,0.02106318956870612,0.10130391173520562,0.08324974924774323,0.1765295887662989,0.18976674690979464,0.22986661319839985,0.1804158726478661,0.021292443594113156,0.09356209364926925,0.09151612877019781,0.19358010123035937
Sample_903,0.0732196589769308,0.05616850551654965,0.3520561685055166,0.08425275827482448,0.21263791374122368,0.10832497492477432,0.11334002006018054,0.07234502331089515,0.07617024034973416,0.3100921457807801,0.08333018107482759,0.2140408814221235,0.11862250926699079,0.100447132300709
Sample_729,0.16950852557673018,0.20762286860581744,0.31293881644934807,0.1444332998996991,0.025075225677031094,0.029087261785356068,0.11133400200601805,0.16394496012265872,0.24885675618792602,0.2966198977029882,0.14116117386112148,0.023697701686213043,0.03283105127331272,0.09288845916577958
Sample_207,0.07730923694779117,0.40160642570281124,0.0030120481927710845,0.0030120481927710845,0.42570281124497994,0.0893574297188755,0.0,0.07183441509850423,0.3897241625394798,0.006122967006195619,0.007809086231936148,0.4214718734902199,0.08917608203500149,0.013861413598662711
Sample_343,0.3186372745490982,0.38577154308617234,0.026052104208416832,0.07515030060120241,0.16432865731462926,0.027054108216432865,0.003006012024048096,0.3123143222153911,0.3733359009865059,0.0244756533630444,0.08075706770405805,0.15075862388216993,0.021148037906484535,0.00985068997506704
Sample_572,0.4202607823470411,0.06118355065195587,0.010030090270812437,0.16349047141424272,0.11434302908726178,0.2156469408224674,0.015045135406218655,0.40377008442145396,0.06450736555626577,0.011216434363618709,0.16240466063730247,0.11760723542182797,0.20919546388654187,0.013542560872041386
Sample_395,0.1716867469879518,0.3102409638554217,0.029116465863453816,0.18775100401606426,0.1646586345381526,0.13353413654618473,0.0030120481927710845,0.17143826926076572,0.31511827982023694,0.02364097953527566,0.1922370638840565,0.15355721697822727,0.128566402722607,0.007437755460490945
Sample_367,0.22991967871485944,0.019076305220883535,0.0030120481927710845,0.5642570281124498,0.14457831325301204,0.024096385542168676,0.015060240963855422,0.22499283135645623,0.02028704735773889,0.007425294751810247,0.5398700006230635,0.15620524111407375,0.027658266675140607,0.009074158232083459
Sample_482,0.19578313253012047,0.028112449799196786,0.002008032128514056,0.04317269076305221,0.40963855421686746,0.3002008032128514,0.02108433734939759,0.20226437963009894,0.024374882696984707,0.0073802668715928724,0.0436522279921717,0.41367029570933056,0.2933265036800882,0.015331443419732856
Sample_117,0.4859437751004016,0.1566265060240964,0.008032128514056224,0.0,0.06827309236947791,0.2680722891566265,0.013052208835341365,0.45157813245986506,0.17249948193942657,0.01456604138850859,0.0027245131942798067,0.06985792644243498,0.2728701603884337,0.015903744187051386
Sample_338,0.061122244488977955,0.11122244488977956,0.012024048096192385,0.014028056112224449,0.34769539078156314,0.44188376753507014,0.012024048096192385,0.05664689251977288,0.10193208624592524,0.00897609290874292,0.012418282481777435,0.3570669505610734,0.42953796858221455,0.01557653013189156
Sample_351,0.048144433299899696,0.4202607823470411,0.007021063189568706,0.2337011033099298,0.07622868605817452,0.21163490471414242,0.003009027081243731,0.04790059235359669,0.3797067405268402,0.0052043796267011175,0.2138280957339076,0.07547283563110838,0.20548798362029413,0.014435721591536367
Sample_987,0.003009027081243731,0.011033099297893681,0.33901705115346037,0.026078234704112337,0.06619859578736209,0.20160481444332998,0.3530591775325978,0.008596438217176067,0.030730322133144323,0.3207389093135299,0.02403293775474302,0.061883250710995936,0.1914486283971057,0.3625695134733051
Sample_345,0.5200803212851406,0.02610441767068273,0.015060240963855422,0.14457831325301204,0.21987951807228914,0.06224899598393574,0.012048192771084338,0.4941514922580217,0.03217021181420633,0.011558381145289384,0.13955673036451025,0.2311915273680666,0.06298836263488093,0.008320210399562463
Sample_521,0.2520080321285141,0.15863453815261044,0.019076305220883535,0.17670682730923695,0.19076305220883535,0.19076305220883535,0.012048192771084338,0.22556152221911363,0.1596492546978735,0.02031023625505799,0.1702809428635488,0.20648248198530122,0.2084306340124171,0.00928492796668777
Sample_297,0.3002008032128514,0.029116465863453816,0.01104417670682731,0.13353413654618473,0.26706827309236947,0.24497991967871485,0.014056224899598393,0.2986012789439564,0.04314801432997599,0.01296665615501508,0.1338285039109449,0.2538703340862829,0.236712732281627,0.02087248029219759
Sample_595,0.07221664994984955,0.6258776328986961,0.011033099297893681,0.12236710130391174,0.15245737211634905,0.0050150451354062184,0.011033099297893681,0.06550847873970149,0.5945510995963619,0.015836030954666822,0.11618316541241529,0.13884333882758151,0.007056261085074864,0.016946532519973065
Sample_9,0.14457831325301204,0.08333333333333333,0.013052208835341365,0.33835341365461846,0.0,0.39759036144578314,0.023092369477911646,0.14474858444262634,0.11058920514557666,0.020109225974066457,0.3335879705138251,0.00417675027849857,0.37089763673313547,0.01589062691227139
Sample_353,0.5030120481927711,0.030120481927710843,0.004016064257028112,0.1706827309236948,0.2600401606425703,0.007028112449799197,0.025100401606425703,0.4763526976871832,0.0392999242537261,0.006307558469086449,0.18677010681963133,0.25539129037687497,0.00667552517814215,0.023734971906221886
Sample_878,0.07823470411233702,0.12437311935807423,0.044132397191574725,0.10932798395185557,0.022066198595787363,0.4202607823470411,0.20160481444332998,0.08770126384526554,0.15381771524687265,0.036377123373310255,0.11761269801523573,0.03144904530946314,0.3883322926316245,0.17536761279588944
Sample_526,0.10441767068273092,0.1817269076305221,0.009036144578313253,0.28815261044176704,0.37349397590361444,0.03714859437751004,0.006024096385542169,0.10499799977236847,0.1931254774000246,0.008575512739428602,0.29474765879502357,0.35094868872189705,0.0403915916946157,0.007213070876642154
Sample_717,0.010040160642570281,0.03614457831325301,0.16967871485943775,0.45481927710843373,0.14156626506024098,0.13654618473895583,0.05120481927710843,0.01833630429523992,0.03957864037935732,0.15381209044362104,0.43734058323235203,0.14084352304694647,0.15816069149822398,0.03132840458532936
Sample_579,0.0391566265060241,0.06626506024096386,0.012048192771084338,0.1144578313253012,0.6857429718875502,0.0783132530120482,0.004016064257028112,0.03441644894411447,0.055631302272568274,0.013800577930914866,0.11651400330054798,0.6498861767655273,0.0693094405258303,0.012234214153770762
Sample_916,0.001004016064257028,0.023092369477911646,0.05823293172690763,0.05220883534136546,0.0321285140562249,0.16666666666666666,0.6666666666666666,0.0023668774698602383,0.07986972795009116,0.07933989025917021,0.06521340030413823,0.03501296048213661,0.191876384895486,0.4686645645508386
Sample_8,0.00501002004008016,0.27655310621242485,0.02905811623246493,0.6583166332665331,0.00501002004008016,0.0,0.026052104208416832,0.006779080848622727,0.22144584510205842,0.015134091325102177,0.6108044685258144,0.009979788629062637,0.010347444517618858,0.02690694464952743
Sample_371,0.26104417670682734,0.22590361445783133,0.02610441767068273,0.17269076305220885,0.035140562248995984,0.27710843373493976,0.002008032128514056,0.2768148165227499,0.20067772862312477,0.022695017043201617,0.18178560034239394,0.03350370847218379,0.27590248559922403,0.00862064339712201
Sample_513,0.029116465863453816,0.1927710843373494,0.014056224899598393,0.3152610441767068,0.1395582329317269,0.30622489959839355,0.0030120481927710845,0.02442778086175298,0.16816678614628613,0.01717314039575366,0.3176056494422221,0.14599578409934175,0.30318527488519226,0.005251997554995329
Sample_458,0.055165496489468405,0.09428284854563691,0.01905717151454363,0.47843530591775324,0.13440320962888666,0.20962888665997995,0.009027081243731194,0.047617376146956734,0.11002332422490982,0.01542405810041977,0.4905038521793751,0.14001982675489966,0.18492212557282706,0.007279694251815651
Sample_995,0.14357429718875503,0.20180722891566266,0.10140562248995984,0.05421686746987952,0.12951807228915663,0.1214859437751004,0.24799196787148595,0.13437628049300301,0.21894877912098237,0.09811128775734193,0.052350482223909596,0.1250190500435212,0.11621218889251594,0.254981931468726
Sample_472,0.2660642570281124,0.11546184738955824,0.02108433734939759,0.13253012048192772,0.14759036144578314,0.3072289156626506,0.010040160642570281,0.25920224759351407,0.07258951729119678,0.0197075822493444,0.1355467843640311,0.1473927334172592,0.31897418007861206,0.01748722789978337
Sample_11,0.238716148445336,0.0,0.004012036108324975,0.33801404212637914,0.27883650952858574,0.1213640922768305,0.01905717151454363,0.22772659135698484,0.012894388896372755,0.008711934140465673,0.35012824072247783,0.2757465095558252,0.11071272457940069,0.01407961074847321
Sample_249,0.25,0.4126506024096386,0.015060240963855422,0.07028112449799197,0.06526104417670683,0.1757028112449799,0.01104417670682731,0.26286304625928947,0.4055920208547573,0.016934952843304932,0.06890916205944682,0.07015756189748706,0.15122384888006382,0.01719532572437626
Sample_531,0.09738955823293173,0.142570281124498,0.001004016064257028,0.07228915662650602,0.5391566265060241,0.14558232931726908,0.002008032128514056,0.09708662647148392,0.12452307612913509,0.0037740449677426805,0.06707059367005543,0.5468336263118779,0.1386773591413384,0.007181884039435317
Sample_81,0.1354062186559679,0.04914744232698094,0.0,0.0,0.6439317953861585,0.1464393179538616,0.025075225677031094,0.1317553240365177,0.062063882656569924,0.004876120351830346,0.008063558253808285,0.6322148904328114,0.1397665613786956,0.02125966288976664
Sample_831,0.08425275827482448,0.320962888665998,0.10932798395185557,0.10130391173520562,0.23570712136409228,0.11334002006018054,0.03510531594784353,0.07624116678962847,0.33877910372638115,0.11365766246316142,0.10197866178258853,0.21466236226559549,0.11612875753827626,0.0385522854343686
Sample_770,0.10030090270812438,0.006018054162487462,0.034102306920762285,0.2156469408224674,0.5927783350050151,0.004012036108324975,0.04714142427281846,0.09505494655417421,0.026634669132665614,0.03615393778415916,0.22861934186168786,0.5879964477129473,0.005449418243372922,0.02009123871099287
Sample_35,0.03406813627254509,0.0,0.022044088176352707,0.4218436873747495,0.24048096192384769,0.2635270541082164,0.018036072144288578,0.044014756903950014,0.022445722710746525,0.020251994150155467,0.40692641128073304,0.24362624308872916,0.24410221010408673,0.01863266176159912
Sample_832,0.18072289156626506,0.0963855421686747,0.2700803212851406,0.27710843373493976,0.09337349397590361,0.08132530120481928,0.001004016064257028,0.166700063114,0.07830906217746188,0.2567704549338313,0.2811566282693999,0.08970805426265012,0.08391049801488372,0.007177356288106547
Sample_93,0.1462925851703407,0.24649298597194388,0.011022044088176353,0.0,0.5501002004008017,0.03707414829659319,0.009018036072144289,0.1569133681530093,0.20936214595956645,0.006942674262933137,0.003564365869204904,0.5455451507174472,0.038287573622687615,0.015345726516494658
Sample_919,0.22668004012036108,0.21063189568706117,0.0320962888665998,0.1334002006018054,0.11334002006018054,0.09227683049147442,0.19157472417251756,0.22925997774523832,0.2194045437075933,0.027505107899598456,0.13741203692073334,0.11349102030166829,0.08258352401638357,0.1840927831584046
Sample_268,0.061122244488977955,0.4088176352705411,0.0,0.39178356713426854,0.052104208416833664,0.05811623246492986,0.028056112224448898,0.06539658385291142,0.38332496707103003,0.005255576780375815,0.3756545500264106,0.05983723894617437,0.05357051783245095,0.014563351154960498
Sample_435,0.04120603015075377,0.07135678391959799,0.009045226130653266,0.11658291457286432,0.6743718592964824,0.07839195979899498,0.009045226130653266,0.03592575434839397,0.05198170968007455,0.007963645776749914,0.11542164112932768,0.6453808221643066,0.08864771517629899,0.00944469656074396
Sample_37,0.2971887550200803,0.06927710843373494,0.008032128514056224,0.0,0.3172690763052209,0.30522088353413657,0.0030120481927710845,0.2811749583163568,0.08874345120984235,0.009955706225169903,0.002463987762204319,0.31333746783662414,0.29163826923185615,0.012686159417946345
Sample_138,0.19558676028084251,0.01805416248746239,0.00802407221664995,0.13440320962888666,0.3340020060180542,0.283851554663992,0.026078234704112337,0.1892877859567764,0.018314354235088127,0.008890418264943176,0.13164199140662017,0.3354336350984009,0.3002387376237758,0.01619307741439546
Sample_133,0.2688064192577733,0.316950852557673,0.029087261785356068,0.10631895687061184,0.26479438314944836,0.0,0.014042126379137413,0.26492460212743896,0.31892473026331,0.02554051282330779,0.11466395829401894,0.2559789807679547,0.005087700350778932,0.014879515373190665
Sample_670,0.09327983951855567,0.05416248746238716,0.4674022066198596,0.04714142427281846,0.18355065195586762,0.11434302908726178,0.04012036108324975,0.10142953180164663,0.050353089680174636,0.41832771806987457,0.046089882561357653,0.17409115540720005,0.14317574506593905,0.054055035397619786
Sample_589,0.04216867469879518,0.38755020080321284,0.019076305220883535,0.0321285140562249,0.028112449799196786,0.463855421686747,0.02710843373493976,0.04243548983218257,0.4127782231095341,0.022773024606414328,0.03410546943022706,0.03339621040188556,0.43884295562106773,0.01457976980030773
Sample_432,0.3059177532597793,0.15947843530591777,0.026078234704112337,0.3650952858575727,0.0010030090270812437,0.1354062186559679,0.007021063189568706,0.2894514144023723,0.1513265883123601,0.025718796878772807,0.3729275422037267,0.0063317659030225236,0.1375213150145959,0.007942686396166142
Sample_408,0.4859437751004016,0.1495983935742972,0.014056224899598393,0.178714859437751,0.010040160642570281,0.1465863453815261,0.015060240963855422,0.46574545257995253,0.17882972922440898,0.014224642209706437,0.1835004930240718,0.011057989332219464,0.13712378858444033,0.009517905045200413
Sample_151,0.2296890672016048,0.24473420260782347,0.003009027081243731,0.03911735205616851,0.477432296890672,0.0,0.006018054162487462,0.2240996174784109,0.1965832332108351,0.003916915840736066,0.033220222240560586,0.4635473707852845,0.00314785675081889,0.0054020265760313406
Sample_280,0.19759277833500502,0.09729187562688064,0.015045135406218655,0.05717151454363089,0.5586760280842528,0.048144433299899696,0.026078234704112337,0.19206671804796574,0.12329509024846708,0.017862445045045403,0.04922765989839154,0.5484528623208034,0.04316529901288728,0.022908975881394573
Sample_545,0.4483450351053159,0.34503510531594783,0.003009027081243731,0.04312938816449348,0.06720160481444333,0.06720160481444333,0.026078234704112337,0.43076435284132675,0.36997258419192897,0.003870606490205444,0.039422410179778086,0.06778402113860774,0.06588918067461327,0.017723641571123334
Sample_569,0.21686746987951808,0.040160642570281124,0.006024096385542169,0.1827309236947791,0.11244979919678715,0.4307228915662651,0.01104417670682731,0.2153391040928396,0.03550668783121677,0.011075659352578563,0.19736902267614004,0.1250101390719344,0.40603796775136214,0.009650356519874
Sample_912,0.19477911646586346,0.025100401606425703,0.007028112449799197,0.2178714859437751,0.10843373493975904,0.01706827309236948,0.42971887550200805,0.19942801914901137,0.0347208240807096,0.010415883063092542,0.2231811897024854,0.1120103589408183,0.01381492387049047,0.389899074691498
